keyword,search_volume_au,cpc_aud,competition
"steel-line garage doors",8100,2.9,HIGH
"steel-line garage door",8100,2.9,HIGH
"merlin garage door opener",4400,2.27,HIGH
"b&d garage doors",3600,5.55,HIGH
"b&d garage door",3600,5.55,HIGH
"gliderol garage doors",3600,2.96,HIGH
"gliderol garage door",3600,2.96,HIGH
"centurion garage doors",3600,9.5,MEDIUM
"centurion garage door",3600,9.5,MEDIUM
"merlin garage door remote",2900,1.58,HIGH
"garage door openers",2900,2.92,HIGH
"gliderol roller door",1900,2.34,HIGH
"garage door motors",1900,3.97,HIGH
"chamberlain garage door opener",1600,1.57,HIGH
"gliderol garage door remote",1600,2.07,HIGH
"universal garage door remote",1600,0.97,HIGH
"b&d garage door remote",1300,1.8,HIGH
"steel-line garage door opener",1300,2.16,HIGH
"steel-line garage door remote",1300,2.16,HIGH
"b&d roller door",1300,5.56,HIGH
"centurion garage door opener",720,2.61,HIGH
"centurion garage door remote",720,2.61,HIGH
"merlin garage door motor",590,3.49,HIGH
"merlin roller door motor",590,3.2,HIGH
"chamberlain garage door remote",590,0.72,HIGH
"boss garage door opener",590,2.33,HIGH
"boss garage door remote",590,2.33,HIGH
"avanti garage door opener",590,2.85,HIGH
"avanti garage door remote",590,2.85,HIGH
"ata garage door opener",480,2.15,HIGH
"ata garage door remote",480,2.15,HIGH
"superlift garage door opener",480,4.24,HIGH
"taurean garage doors",480,8.53,MEDIUM
"taurean garage door",480,8.53,MEDIUM
"taurean roller door",480,8.53,MEDIUM
"superlift garage doors",480,5.37,HIGH
"superlift garage door",480,5.37,HIGH
"b&d garage door opener",390,2.09,HIGH
"superlift garage door remote",390,2.55,HIGH
"steel-line roller door",390,3.23,MEDIUM
"doorworks garage doors",390,6.28,LOW
"doorworks garage door",390,6.28,LOW
"liftmaster garage door remote",320,0.97,LOW
"grifco roller door motor",320,3.49,HIGH
"dominator garage doors",320,8.94,MEDIUM
"dominator garage door",320,8.94,MEDIUM
"allstyle garage doors",320,2.31,LOW
"merlin motor",260,1.34,HIGH
"danmar garage doors",260,8.57,MEDIUM
"danmar garage doors perth",260,8.57,MEDIUM
"danmar garage door",260,8.57,MEDIUM
"b&d roller door motor",210,2.3,HIGH
"b&d garage doors perth",210,4.21,LOW
"avanti garage doors",210,18.18,HIGH
"avanti garage door",210,18.18,HIGH
"garage door brands",210,6.55,MEDIUM
"steel-line garage door motor",170,1.74,HIGH
"centurion garage doors perth",170,16.36,MEDIUM
"centurion roller door",170,8.86,MEDIUM
"merlin garage door motor price",140,3.32,HIGH
"chamberlain garage door motor",140,0.68,LOW
"liftmaster garage door opener",140,1.33,HIGH
"gliderol garage door motor",140,1.76,HIGH
"gliderol garage door opener",140,2.27,HIGH
"gliderol motor",140,1.76,HIGH
"dominator garage door opener",110,2.23,HIGH
"dominator garage door remote",110,2.23,HIGH
"guardian garage door opener",110,2.37,HIGH
"guardian garage door remote",110,2.37,HIGH
"marantec garage door opener",110,2.34,HIGH
"marantec garage door remote",110,2.34,HIGH
"genie garage door remote",110,2.3,LOW
"ata roller door motor",90,2,HIGH
"grifco motor",90,2.85,HIGH
"avanti garage door motor",90,7.65,HIGH
"somfy motor",90,1.18,HIGH
"steel-line garage doors perth",90,19.37,LOW
"best doors garage doors",90,5.3,HIGH
"guardian garage doors",90,24.15,HIGH
"guardian garage door",90,24.15,HIGH
"garage door motor price",90,3.51,HIGH
"b&d garage door motor",70,2.28,HIGH
"ata garage door motor",70,4.01,HIGH
"centurion garage door motor",70,3.36,HIGH
"boss garage door motor",70,7.91,HIGH
"superlift garage door motor",70,1.48,HIGH
"jaytech garage door opener",70,2.05,HIGH
"b&d garage door service",70,10.71,HIGH
"steel-line sectional garage door",70,0.58,MEDIUM
"steel-line garage door service",70,7.31,MEDIUM
"gliderol garage door service",70,14.49,HIGH
"jaytech garage door",70,6.29,HIGH
"hormann garage doors",70,3.73,LOW
"hormann garage door",70,3.73,LOW
"b&d motor",50,1.48,HIGH
"ata motor",50,3.43,HIGH
"boss roller door motor",50,18.78,HIGH
"grifco garage door opener",50,2.19,HIGH
"gliderol roller door motor",50,0.9,HIGH
"steel-line garage door motor price",50,5.86,HIGH
"steel-line roller door motor",50,5.95,HIGH
"steel-line motor",50,7.77,HIGH
"jaytech garage door remote",50,2.71,HIGH
"genie garage door opener",50,7.95,HIGH
"steel-line garage door parts",50,1.74,HIGH
"gliderol garage door parts",50,4.26,HIGH
"centurion garage door parts",50,2.16,HIGH
"best garage door opener australia",50,1.91,HIGH
"garage door brands australia",50,2.36,MEDIUM
"merlin garage door opener not working",40,12.01,MEDIUM
"chamberlain garage door opener repair",40,,LOW
"chamberlain roller door motor",40,0.46,HIGH
"liftmaster garage door motor",40,,LOW
"grifco garage door remote",40,6.18,HIGH
"nice motor",40,1.91,HIGH
"dea motor",40,0.98,HIGH
"b&d garage door parts",40,0.88,HIGH
"best garage door motor australia",40,2.67,HIGH
"garage door remotes perth",40,11.36,HIGH
"sectional garage door motor",40,2.07,HIGH
"garage door remote perth",40,11.36,HIGH
"garage door opener brands",40,0.63,HIGH
"boss motor",30,,LOW
"dominator garage door motor",30,10.83,HIGH
"superlift garage door motor price",30,10.47,HIGH
"superlift motor",30,0.04,HIGH
"magic button garage door opener",30,0.88,HIGH
"magic button garage door remote",30,0.88,HIGH
"allstar motor",30,,LOW
"gliderol garage doors perth",30,2.87,HIGH
"centurion garage door service",30,16.61,HIGH
"garage door motor brands",30,3.72,HIGH
"merlin garage door not closing",20,0.79,MEDIUM
"b&d garage door motor price",20,2.08,HIGH
"chamberlain motor",20,0.03,HIGH
"liftmaster garage door opener repair",20,,LOW
"centurion roller door motor",20,7.05,HIGH
"centurion motor",20,,MEDIUM
"guardian garage door motor",20,4.78,HIGH
"avanti garage door motor price",20,7.43,HIGH
"sommer garage door opener",20,4.4,LOW
"sommer garage door remote",20,4.4,LOW
"jaytech garage door motor",20,9.52,HIGH
"genie garage door motor",20,,LOW
"gliderol sectional garage door",20,0.78,MEDIUM
"centurion sectional garage door",20,7.62,MEDIUM
"windsor garage doors",20,26.59,HIGH
"windsor garage doors perth",20,28.39,HIGH
"windsor garage door",20,26.59,HIGH
"avanti roller door",20,3.15,HIGH
"dominator roller door",20,6.23,MEDIUM
"guardian garage doors perth",20,34.75,HIGH
"guardian roller door",20,58.29,MEDIUM
"garage door motors perth",20,15.56,HIGH
"garage door openers perth",20,14.9,HIGH
"garage door motor perth",20,15.56,HIGH
"garage door opener price",20,3.2,HIGH
"roller door brands australia",20,2.65,MEDIUM
"best garage door brands australia",20,6.15,MEDIUM
"merlin garage door opener perth",10,13.4,HIGH
"merlin garage door remotes perth",10,3.76,HIGH
"chamberlain garage door opener not working",10,,LOW
"chamberlain garage door not closing",10,,LOW
"liftmaster garage door motor price",10,,
"liftmaster motor",10,,HIGH
"liftmaster garage door opener not working",10,,LOW
"centurion garage door motor price",10,2.77,HIGH
"boss garage door motor price",10,2.97,HIGH
"dominator garage door motor price",10,,
"dominator roller door motor",10,,HIGH
"dominator motor",10,,LOW
"dominator garage door opener not working",10,,LOW
"gliderol garage door motor price",10,7,HIGH
"gliderol garage door not closing",10,,LOW
"steel-line garage door not closing",10,,LOW
"guardian garage door remotes perth",10,,
"guardian garage door opener repair",10,,LOW
"guardian roller door motor",10,13.99,HIGH
"guardian motor",10,,LOW
"guardian garage door opener not working",10,,MEDIUM
"avanti roller door motor",10,8.14,HIGH
"avanti motor",10,,MEDIUM
"somfy garage door motor",10,4.53,MEDIUM
"somfy garage door opener",10,,MEDIUM
"somfy garage door remote",10,,MEDIUM
"somfy roller door motor",10,,HIGH
"nice garage door motor",10,,MEDIUM
"nice garage door opener",10,1.6,HIGH
"nice garage door remote",10,1.6,HIGH
"marantec garage door motor",10,,MEDIUM
"marantec garage door opener repair",10,22.55,MEDIUM
"marantec motor",10,,MEDIUM
"marantec garage door opener not working",10,,
"marantec garage door not closing",10,,
"hormann garage door motor",10,0.27,MEDIUM
"hormann garage door opener",10,1.5,MEDIUM
"hormann garage door remote",10,,HIGH
"hormann garage door opener repair",10,,LOW
"hormann motor",10,,LOW
"hormann garage door not closing",10,,
"sommer garage door motor",10,,
"sommer motor",10,,MEDIUM
"superlift roller door motor",10,0.26,HIGH
"dea garage door opener",10,0.7,HIGH
"dea garage door remote",10,3.15,HIGH
"elsema garage door opener",10,,LOW
"elsema garage door remote",10,,LOW
"genie garage door opener repair",10,,LOW
"genie motor",10,,MEDIUM
"genie garage door opener not working",10,,
"genie garage door not closing",10,,
"garador garage door opener",10,,LOW
"garador garage door remote",10,,LOW
"garador motor",10,,
"tormatic garage door opener",10,,HIGH
"tormatic motor",10,,
"allstar garage door opener",10,,
"allstar garage door remote",10,,
"b&d roller doors perth",10,6.2,HIGH
"gliderol garage door repairs perth",10,,
"gliderol garage door prices",10,0.51,HIGH
"centurion roller doors perth",10,9.29,MEDIUM
"centurion garage door repairs perth",10,32.25,HIGH
"4ddoors garage doors",10,,
"windsor sectional garage door",10,,LOW
"windsor garage door parts",10,,
"dominator garage doors perth",10,,
"dominator garage door service",10,,LOW
"dominator garage door parts",10,0.77,HIGH
"guardian roller doors perth",10,,
"guardian garage door repairs perth",10,44.7,LOW
"guardian garage door service",10,,HIGH
"guardian garage door parts",10,7.93,HIGH
"hormann roller door",10,5,LOW
"hormann sectional garage door",10,,LOW
"hormann garage door service",10,,
"hormann garage door prices",10,,
"hormann garage door parts",10,,
"ryterna garage doors",10,,
"ryterna garage door",10,,
"garage door remote replacement perth",10,11.74,HIGH
"garage door motor replacement perth",10,28.1,MEDIUM
"garage door opener installation perth",10,,
"garage door motor repairs perth",10,,LOW
"garage door manufacturers perth",10,5.4,HIGH
"roller door motors perth",10,21.96,HIGH
"roller door motor perth",10,21.96,HIGH
